{
	"start":	{
		"connected":	[{
				"socket":	5,
				"local_host":	"10.0.1.1",
				"local_port":	52272,
				"remote_host":	"10.0.2.1",
				"remote_port":	5001
			}],
		"version":	"iperf 3.16",
		"system_info":	"Linux jarvis 6.14.0-35-generic #35~24.04.1-Ubuntu SMP PREEMPT_DYNAMIC Tue Oct 14 13:55:17 UTC 2 x86_64",
		"timestamp":	{
			"time":	"Tue, 02 Dec 2025 12:56:41 GMT",
			"timesecs":	1764680201
		},
		"connecting_to":	{
			"host":	"10.0.2.1",
			"port":	5001
		},
		"cookie":	"gwhyphcx5ho2qfoouon532zunnubvcq5ge2j",
		"tcp_mss_default":	1448,
		"target_bitrate":	0,
		"fq_rate":	0,
		"sock_bufsize":	0,
		"sndbuf_actual":	16384,
		"rcvbuf_actual":	131072,
		"test_start":	{
			"protocol":	"TCP",
			"num_streams":	1,
			"blksize":	131072,
			"omit":	0,
			"duration":	30,
			"bytes":	0,
			"blocks":	0,
			"reverse":	0,
			"tos":	0,
			"target_bitrate":	0,
			"bidir":	0,
			"fqrate":	0
		}
	},
	"intervals":	[{
			"streams":	[{
					"socket":	5,
					"start":	0,
					"end":	1.00121,
					"seconds":	1.0012099742889404,
					"bytes":	655360,
					"bits_per_second":	5236543.91649813,
					"retransmits":	45,
					"snd_cwnd":	14480,
					"snd_wnd":	379392,
					"rtt":	38340,
					"rttvar":	648,
					"pmtu":	1500,
					"omitted":	false,
					"sender":	true
				}],
			"sum":	{
				"start":	0,
				"end":	1.00121,
				"seconds":	1.0012099742889404,
				"bytes":	655360,
				"bits_per_second":	5236543.91649813,
				"retransmits":	45,
				"omitted":	false,
				"sender":	true
			}
		}, {
			"streams":	[{
					"socket":	5,
					"start":	1.00121,
					"end":	2.001311,
					"seconds":	1.0001009702682495,
					"bytes":	262144,
					"bits_per_second":	2096940.2713782957,
					"retransmits":	4,
					"snd_cwnd":	14480,
					"snd_wnd":	382336,
					"rtt":	42482,
					"rttvar":	1002,
					"pmtu":	1500,
					"omitted":	false,
					"sender":	true
				}],
			"sum":	{
				"start":	1.00121,
				"end":	2.001311,
				"seconds":	1.0001009702682495,
				"bytes":	262144,
				"bits_per_second":	2096940.2713782957,
				"retransmits":	4,
				"omitted":	false,
				"sender":	true
			}
		}, {
			"streams":	[{
					"socket":	5,
					"start":	2.001311,
					"end":	3.00084,
					"seconds":	0.999529004096985,
					"bytes":	262144,
					"bits_per_second":	2098140.2154454263,
					"retransmits":	4,
					"snd_cwnd":	15928,
					"snd_wnd":	382336,
					"rtt":	44870,
					"rttvar":	1491,
					"pmtu":	1500,
					"omitted":	false,
					"sender":	true
				}],
			"sum":	{
				"start":	2.001311,
				"end":	3.00084,
				"seconds":	0.999529004096985,
				"bytes":	262144,
				"bits_per_second":	2098140.2154454263,
				"retransmits":	4,
				"omitted":	false,
				"sender":	true
			}
		}, {
			"streams":	[{
					"socket":	5,
					"start":	3.00084,
					"end":	4.000598,
					"seconds":	0.999758005142212,
					"bytes":	262144,
					"bits_per_second":	2097659.6228421177,
					"retransmits":	5,
					"snd_cwnd":	10136,
					"snd_wnd":	382336,
					"rtt":	44819,
					"rttvar":	2486,
					"pmtu":	1500,
					"omitted":	false,
					"sender":	true
				}],
			"sum":	{
				"start":	3.00084,
				"end":	4.000598,
				"seconds":	0.999758005142212,
				"bytes":	262144,
				"bits_per_second":	2097659.6228421177,
				"retransmits":	5,
				"omitted":	false,
				"sender":	true
			}
		}, {
			"streams":	[{
					"socket":	5,
					"start":	4.000598,
					"end":	5.000568,
					"seconds":	0.999970018863678,
					"bytes":	262144,
					"bits_per_second":	2097214.87688512,
					"retransmits":	5,
					"snd_cwnd":	11584,
					"snd_wnd":	382336,
					"rtt":	44078,
					"rttvar":	3024,
					"pmtu":	1500,
					"omitted":	false,
					"sender":	true
				}],
			"sum":	{
				"start":	4.000598,
				"end":	5.000568,
				"seconds":	0.999970018863678,
				"bytes":	262144,
				"bits_per_second":	2097214.87688512,
				"retransmits":	5,
				"omitted":	false,
				"sender":	true
			}
		}, {
			"streams":	[{
					"socket":	5,
					"start":	5.000568,
					"end":	6.001273,
					"seconds":	1.0007050037384033,
					"bytes":	131072,
					"bits_per_second":	1047837.2708068428,
					"retransmits":	11,
					"snd_cwnd":	4344,
					"snd_wnd":	379392,
					"rtt":	46565,
					"rttvar":	1274,
					"pmtu":	1500,
					"omitted":	false,
					"sender":	true
				}],
			"sum":	{
				"start":	5.000568,
				"end":	6.001273,
				"seconds":	1.0007050037384033,
				"bytes":	131072,
				"bits_per_second":	1047837.2708068428,
				"retransmits":	11,
				"omitted":	false,
				"sender":	true
			}
		}, {
			"streams":	[{
					"socket":	5,
					"start":	6.001273,
					"end":	7.001115,
					"seconds":	0.99984198808670044,
					"bytes":	262144,
					"bits_per_second":	2097483.4273694726,
					"retransmits":	6,
					"snd_cwnd":	5792,
					"snd_wnd":	379392,
					"rtt":	45286,
					"rttvar":	1968,
					"pmtu":	1500,
					"omitted":	false,
					"sender":	true
				}],
			"sum":	{
				"start":	6.001273,
				"end":	7.001115,
				"seconds":	0.99984198808670044,
				"bytes":	262144,
				"bits_per_second":	2097483.4273694726,
				"retransmits":	6,
				"omitted":	false,
				"sender":	true
			}
		}, {
			"streams":	[{
					"socket":	5,
					"start":	7.001115,
					"end":	8.001304,
					"seconds":	1.000188946723938,
					"bytes":	131072,
					"bits_per_second":	1048377.9124279978,
					"retransmits":	4,
					"snd_cwnd":	8688,
					"snd_wnd":	379392,
					"rtt":	47481,
					"rttvar":	1374,
					"pmtu":	1500,
					"omitted":	false,
					"sender":	true
				}],
			"sum":	{
				"start":	7.001115,
				"end":	8.001304,
				"seconds":	1.000188946723938,
				"bytes":	131072,
				"bits_per_second":	1048377.9124279978,
				"retransmits":	4,
				"omitted":	false,
				"sender":	true
			}
		}, {
			"streams":	[{
					"socket":	5,
					"start":	8.001304,
					"end":	9.001074,
					"seconds":	0.99976998567581177,
					"bytes":	131072,
					"bits_per_second":	1048817.2429893431,
					"retransmits":	6,
					"snd_cwnd":	5792,
					"snd_wnd":	382336,
					"rtt":	47625,
					"rttvar":	1024,
					"pmtu":	1500,
					"omitted":	false,
					"sender":	true
				}],
			"sum":	{
				"start":	8.001304,
				"end":	9.001074,
				"seconds":	0.99976998567581177,
				"bytes":	131072,
				"bits_per_second":	1048817.2429893431,
				"retransmits":	6,
				"omitted":	false,
				"sender":	true
			}
		}, {
			"streams":	[{
					"socket":	5,
					"start":	9.001074,
					"end":	10.0013,
					"seconds":	1.0002260208129883,
					"bytes":	131072,
					"bits_per_second":	1048339.0535548282,
					"retransmits":	4,
					"snd_cwnd":	8688,
					"snd_wnd":	379392,
					"rtt":	44553,
					"rttvar":	1930,
					"pmtu":	1500,
					"omitted":	false,
					"sender":	true
				}],
			"sum":	{
				"start":	9.001074,
				"end":	10.0013,
				"seconds":	1.0002260208129883,
				"bytes":	131072,
				"bits_per_second":	1048339.0535548282,
				"retransmits":	4,
				"omitted":	false,
				"sender":	true
			}
		}, {
			"streams":	[{
					"socket":	5,
					"start":	10.0013,
					"end":	11.001293,
					"seconds":	0.99999302625656128,
					"bytes":	262144,
					"bits_per_second":	2097166.6251019919,
					"retransmits":	8,
					"snd_cwnd":	5792,
					"snd_wnd":	380544,
					"rtt":	46875,
					"rttvar":	977,
					"pmtu":	1500,
					"omitted":	false,
					"sender":	true
				}],
			"sum":	{
				"start":	10.0013,
				"end":	11.001293,
				"seconds":	0.99999302625656128,
				"bytes":	262144,
				"bits_per_second":	2097166.6251019919,
				"retransmits":	8,
				"omitted":	false,
				"sender":	true
			}
		}, {
			"streams":	[{
					"socket":	5,
					"start":	11.001293,
					"end":	12.001071,
					"seconds":	0.99977797269821167,
					"bytes":	262144,
					"bits_per_second":	2097617.7284044209,
					"retransmits":	2,
					"snd_cwnd":	13032,
					"snd_wnd":	379392,
					"rtt":	46323,
					"rttvar":	1728,
					"pmtu":	1500,
					"omitted":	false,
					"sender":	true
				}],
			"sum":	{
				"start":	11.001293,
				"end":	12.001071,
				"seconds":	0.99977797269821167,
				"bytes":	262144,
				"bits_per_second":	2097617.7284044209,
				"retransmits":	2,
				"omitted":	false,