{
	"start":	{
		"connected":	[{
				"socket":	5,
				"local_host":	"10.0.1.1",
				"local_port":	56278,
				"remote_host":	"10.0.2.1",
				"remote_port":	5002
			}],
		"version":	"iperf 3.16",
		"system_info":	"Linux jarvis 6.14.0-35-generic #35~24.04.1-Ubuntu SMP PREEMPT_DYNAMIC Tue Oct 14 13:55:17 UTC 2 x86_64",
		"timestamp":	{
			"time":	"Wed, 03 Dec 2025 12:49:12 GMT",
			"timesecs":	1764766152
		},
		"connecting_to":	{
			"host":	"10.0.2.1",
			"port":	5002
		},
		"cookie":	"7abpyrbj3u5ssp5u4atr4ukt565yk2gursxk",
		"tcp_mss_default":	1448,
		"target_bitrate":	0,
		"fq_rate":	0,
		"sock_bufsize":	0,
		"sndbuf_actual":	16384,
		"rcvbuf_actual":	131072,
		"test_start":	{
			"protocol":	"TCP",
			"num_streams":	1,
			"blksize":	131072,
			"omit":	0,
			"duration":	30,
			"bytes":	0,
			"blocks":	0,
			"reverse":	0,
			"tos":	0,
			"target_bitrate":	0,
			"bidir":	0,
			"fqrate":	0
		}
	},
	"intervals":	[{
			"streams":	[{
					"socket":	5,
					"start":	0,
					"end":	1.000905,
					"seconds":	1.0009050369262695,
					"bytes":	1048576,
					"bits_per_second":	8381022.8648274215,
					"retransmits":	0,
					"snd_cwnd":	60816,
					"snd_wnd":	334976,
					"rtt":	138697,
					"rttvar":	994,
					"pmtu":	1500,
					"omitted":	false,
					"sender":	true
				}],
			"sum":	{
				"start":	0,
				"end":	1.000905,
				"seconds":	1.0009050369262695,
				"bytes":	1048576,
				"bits_per_second":	8381022.8648274215,
				"retransmits":	0,
				"omitted":	false,
				"sender":	true
			}
		}, {
			"streams":	[{
					"socket":	5,
					"start":	1.000905,
					"end":	2.001258,
					"seconds":	1.00035297870636,
					"bytes":	262144,
					"bits_per_second":	2096412.0112002892,
					"retransmits":	0,
					"snd_cwnd":	43440,
					"snd_wnd":	334976,
					"rtt":	153746,
					"rttvar":	2536,
					"pmtu":	1500,
					"omitted":	false,
					"sender":	true
				}],
			"sum":	{
				"start":	1.000905,
				"end":	2.001258,
				"seconds":	1.00035297870636,
				"bytes":	262144,
				"bits_per_second":	2096412.0112002892,
				"retransmits":	0,
				"omitted":	false,
				"sender":	true
			}
		}, {
			"streams":	[{
					"socket":	5,
					"start":	2.001258,
					"end":	3.001365,
					"seconds":	1.0001070499420166,
					"bytes":	262144,
					"bits_per_second":	2096927.52403014,
					"retransmits":	0,
					"snd_cwnd":	37648,
					"snd_wnd":	334976,
					"rtt":	187725,
					"rttvar":	4110,
					"pmtu":	1500,
					"omitted":	false,
					"sender":	true
				}],
			"sum":	{
				"start":	2.001258,
				"end":	3.001365,
				"seconds":	1.0001070499420166,
				"bytes":	262144,
				"bits_per_second":	2096927.52403014,
				"retransmits":	0,
				"omitted":	false,
				"sender":	true
			}
		}, {
			"streams":	[{
					"socket":	5,
					"start":	3.001365,
					"end":	4.001361,
					"seconds":	0.9999960064888,
					"bytes":	0,
					"bits_per_second":	0,
					"retransmits":	0,
					"snd_cwnd":	31856,
					"snd_wnd":	334976,
					"rtt":	224622,
					"rttvar":	5970,
					"pmtu":	1500,
					"omitted":	false,
					"sender":	true
				}],
			"sum":	{
				"start":	3.001365,
				"end":	4.001361,
				"seconds":	0.9999960064888,
				"bytes":	0,
				"bits_per_second":	0,
				"retransmits":	0,
				"omitted":	false,
				"sender":	true
			}
		}, {
			"streams":	[{
					"socket":	5,
					"start":	4.001361,
					"end":	5.001231,
					"seconds":	0.999870002269745,
					"bytes":	262144,
					"bits_per_second":	2097424.6604452389,
					"retransmits":	2,
					"snd_cwnd":	28960,
					"snd_wnd":	334976,
					"rtt":	261610,
					"rttvar":	4406,
					"pmtu":	1500,
					"omitted":	false,
					"sender":	true
				}],
			"sum":	{
				"start":	4.001361,
				"end":	5.001231,
				"seconds":	0.999870002269745,
				"bytes":	262144,
				"bits_per_second":	2097424.6604452389,
				"retransmits":	2,
				"omitted":	false,
				"sender":	true
			}
		}, {
			"streams":	[{
					"socket":	5,
					"start":	5.001231,
					"end":	6.001076,
					"seconds":	0.999845027923584,
					"bytes":	0,
					"bits_per_second":	0,
					"retransmits":	2,
					"snd_cwnd":	34752,
					"snd_wnd":	337920,
					"rtt":	108838,
					"rttvar":	14434,
					"pmtu":	1500,
					"omitted":	false,
					"sender":	true
				}],
			"sum":	{
				"start":	5.001231,
				"end":	6.001076,
				"seconds":	0.999845027923584,
				"bytes":	0,
				"bits_per_second":	0,
				"retransmits":	2,
				"omitted":	false,
				"sender":	true
			}
		}, {
			"streams":	[{
					"socket":	5,
					"start":	6.001076,
					"end":	7.001083,
					"seconds":	1.0000070333480835,
					"bytes":	262144,
					"bits_per_second":	2097137.2501037412,
					"retransmits":	0,
					"snd_cwnd":	28960,
					"snd_wnd":	337920,
					"rtt":	114868,
					"rttvar":	1338,
					"pmtu":	1500,
					"omitted":	false,
					"sender":	true
				}],
			"sum":	{
				"start":	6.001076,
				"end":	7.001083,
				"seconds":	1.0000070333480835,
				"bytes":	262144,
				"bits_per_second":	2097137.2501037412,
				"retransmits":	0,
				"omitted":	false,
				"sender":	true
			}
		}, {
			"streams":	[{
					"socket":	5,
					"start":	7.001083,
					"end":	8.001241,
					"seconds":	1.0001579523086548,
					"bytes":	262144,
					"bits_per_second":	2096820.8023134393,
					"retransmits":	0,
					"snd_cwnd":	26064,
					"snd_wnd":	337920,
					"rtt":	122093,
					"rttvar":	1840,
					"pmtu":	1500,
					"omitted":	false,
					"sender":	true
				}],
			"sum":	{
				"start":	7.001083,
				"end":	8.001241,
				"seconds":	1.0001579523086548,
				"bytes":	262144,
				"bits_per_second":	2096820.8023134393,
				"retransmits":	0,
				"omitted":	false,
				"sender":	true
			}
		}, {
			"streams":	[{
					"socket":	5,
					"start":	8.001241,
					"end":	9.001267,
					"seconds":	1.0000259876251221,
					"bytes":	262144,
					"bits_per_second":	2097097.5014162888,
					"retransmits":	0,
					"snd_cwnd":	26064,
					"snd_wnd":	337920,
					"rtt":	123887,
					"rttvar":	683,
					"pmtu":	1500,
					"omitted":	false,
					"sender":	true
				}],
			"sum":	{
				"start":	8.001241,
				"end":	9.001267,
				"seconds":	1.0000259876251221,
				"bytes":	262144,
				"bits_per_second":	2097097.5014162888,
				"retransmits":	0,
				"omitted":	false,
				"sender":	true
			}
		}, {
			"streams":	[{
					"socket":	5,
					"start":	9.001267,
					"end":	10.001083,
					"seconds":	0.99981600046157837,
					"bytes":	0,
					"bits_per_second":	0,
					"retransmits":	0,
					"snd_cwnd":	26064,
					"snd_wnd":	337920,
					"rtt":	127122,
					"rttvar":	1213,
					"pmtu":	1500,
					"omitted":	false,
					"sender":	true
				}],
			"sum":	{
				"start":	9.001267,
				"end":	10.001083,
				"seconds":	0.99981600046157837,
				"bytes":	0,
				"bits_per_second":	0,
				"retransmits":	0,
				"omitted":	false,
				"sender":	true
			}
		}, {
			"streams":	[{
					"socket":	5,
					"start":	10.001083,
					"end":	11.001253,
					"seconds":	1.0001699924468994,
					"bytes":	262144,
					"bits_per_second":	2096795.5605920071,
					"retransmits":	0,
					"snd_cwnd":	83984,
					"snd_wnd":	337920,
					"rtt":	145986,
					"rttvar":	2255,
					"pmtu":	1500,
					"omitted":	false,
					"sender":	true
				}],
			"sum":	{
				"start":	10.001083,
				"end":	11.001253,
				"seconds":	1.0001699924468994,
				"bytes":	262144,
				"bits_per_second":	2096795.5605920071,
				"retransmits":	0,
				"omitted":	false,
				"sender":	true
			}
		}, {
			"streams":	[{
					"socket":	5,
					"start":	11.001253,
					"end":	12.001075,
					"seconds":	0.99982202053070068,
					"bytes":	524288,
					"bits_per_second":	4195050.6328853248,
					"retransmits":	0,
					"snd_cwnd":	92672,
					"snd_wnd":	337920,
					"rtt":	153291,
					"rttvar":	1266,
					"pmtu":	1500,
					"omitted":	false,
					"sender":	true
				}],
			"sum":	{
				"start":	11.001253,
				"end":	12.001075,
				"seconds":	0.99982202053070068,
				"bytes":	524288,
				"bits_per_second":	4195050.6328853248,
				"retransmits":	0,
				"omitted":	false,
				"sender":	true
			}
		}, {
			"streams":	[{
					"socket":	5,
					"start":	12.001075,
					"end":	13.001073,