{
	"start":	{
		"connected":	[{
				"socket":	5,
				"local_host":	"10.0.1.1",
				"local_port":	51610,
				"remote_host":	"10.0.2.1",
				"remote_port":	5001
			}],
		"version":	"iperf 3.16",
		"system_info":	"Linux jarvis 6.14.0-35-generic #35~24.04.1-Ubuntu SMP PREEMPT_DYNAMIC Tue Oct 14 13:55:17 UTC 2 x86_64",
		"timestamp":	{
			"time":	"Wed, 03 Dec 2025 14:48:40 GMT",
			"timesecs":	1764773320
		},
		"connecting_to":	{
			"host":	"10.0.2.1",
			"port":	5001
		},
		"cookie":	"nboqogs4g7h553bsc6qozz3w5ennuuqle25o",
		"tcp_mss_default":	1448,
		"target_bitrate":	0,
		"fq_rate":	0,
		"sock_bufsize":	0,
		"sndbuf_actual":	16384,
		"rcvbuf_actual":	131072,
		"test_start":	{
			"protocol":	"TCP",
			"num_streams":	1,
			"blksize":	131072,
			"omit":	0,
			"duration":	30,
			"bytes":	0,
			"blocks":	0,
			"reverse":	0,
			"tos":	0,
			"target_bitrate":	0,
			"bidir":	0,
			"fqrate":	0
		}
	},
	"intervals":	[{
			"streams":	[{
					"socket":	5,
					"start":	0,
					"end":	1.00017,
					"seconds":	1.0001699924468994,
					"bytes":	4587520,
					"bits_per_second":	36693922.310360126,
					"retransmits":	28,
					"snd_cwnd":	251952,
					"snd_wnd":	2483456,
					"rtt":	73759,
					"rttvar":	262,
					"pmtu":	1500,
					"omitted":	false,
					"sender":	true
				}],
			"sum":	{
				"start":	0,
				"end":	1.00017,
				"seconds":	1.0001699924468994,
				"bytes":	4587520,
				"bits_per_second":	36693922.310360126,
				"retransmits":	28,
				"omitted":	false,
				"sender":	true
			}
		}, {
			"streams":	[{
					"socket":	5,
					"start":	1.00017,
					"end":	2.001053,
					"seconds":	1.0008829832077026,
					"bytes":	3670016,
					"bits_per_second":	29334226.37070372,
					"retransmits":	0,
					"snd_cwnd":	291048,
					"snd_wnd":	2482304,
					"rtt":	71482,
					"rttvar":	689,
					"pmtu":	1500,
					"omitted":	false,
					"sender":	true
				}],
			"sum":	{
				"start":	1.00017,
				"end":	2.001053,
				"seconds":	1.0008829832077026,
				"bytes":	3670016,
				"bits_per_second":	29334226.37070372,
				"retransmits":	0,
				"omitted":	false,
				"sender":	true
			}
		}, {
			"streams":	[{
					"socket":	5,
					"start":	2.001053,
					"end":	3.001285,
					"seconds":	1.0002319812774658,
					"bytes":	4325376,
					"bits_per_second":	34594982.611739822,
					"retransmits":	0,
					"snd_cwnd":	314216,
					"snd_wnd":	2482304,
					"rtt":	73585,
					"rttvar":	164,
					"pmtu":	1500,
					"omitted":	false,
					"sender":	true
				}],
			"sum":	{
				"start":	2.001053,
				"end":	3.001285,
				"seconds":	1.0002319812774658,
				"bytes":	4325376,
				"bits_per_second":	34594982.611739822,
				"retransmits":	0,
				"omitted":	false,
				"sender":	true
			}
		}, {
			"streams":	[{
					"socket":	5,
					"start":	3.001285,
					"end":	4.001046,
					"seconds":	0.99976098537445068,
					"bytes":	4194304,
					"bits_per_second":	33562453.917355575,
					"retransmits":	0,
					"snd_cwnd":	327248,
					"snd_wnd":	2482304,
					"rtt":	72927,
					"rttvar":	7,
					"pmtu":	1500,
					"omitted":	false,
					"sender":	true
				}],
			"sum":	{
				"start":	3.001285,
				"end":	4.001046,
				"seconds":	0.99976098537445068,
				"bytes":	4194304,
				"bits_per_second":	33562453.917355575,
				"retransmits":	0,
				"omitted":	false,
				"sender":	true
			}
		}, {
			"streams":	[{
					"socket":	5,
					"start":	4.001046,
					"end":	5.000124,
					"seconds":	0.99907797574996948,
					"bytes":	4325376,
					"bits_per_second":	34634942.256659046,
					"retransmits":	0,
					"snd_cwnd":	331592,
					"snd_wnd":	2482304,
					"rtt":	71631,
					"rttvar":	48,
					"pmtu":	1500,
					"omitted":	false,
					"sender":	true
				}],
			"sum":	{
				"start":	4.001046,
				"end":	5.000124,
				"seconds":	0.99907797574996948,
				"bytes":	4325376,
				"bits_per_second":	34634942.256659046,
				"retransmits":	0,
				"omitted":	false,
				"sender":	true
			}
		}, {
			"streams":	[{
					"socket":	5,
					"start":	5.000124,
					"end":	6.000198,
					"seconds":	1.000074028968811,
					"bytes":	4980736,
					"bits_per_second":	39842938.468350783,
					"retransmits":	0,
					"snd_cwnd":	331592,
					"snd_wnd":	2482304,
					"rtt":	70092,
					"rttvar":	62,
					"pmtu":	1500,
					"omitted":	false,
					"sender":	true
				}],
			"sum":	{
				"start":	5.000124,
				"end":	6.000198,
				"seconds":	1.000074028968811,
				"bytes":	4980736,
				"bits_per_second":	39842938.468350783,
				"retransmits":	0,
				"omitted":	false,
				"sender":	true
			}
		}, {
			"streams":	[{
					"socket":	5,
					"start":	6.000198,
					"end":	7.000136,
					"seconds":	0.99993801116943359,
					"bytes":	4325376,
					"bits_per_second":	34605153.132974282,
					"retransmits":	0,
					"snd_cwnd":	331592,
					"snd_wnd":	2482304,
					"rtt":	70633,
					"rttvar":	43,
					"pmtu":	1500,
					"omitted":	false,
					"sender":	true
				}],
			"sum":	{
				"start":	6.000198,
				"end":	7.000136,
				"seconds":	0.99993801116943359,
				"bytes":	4325376,
				"bits_per_second":	34605153.132974282,
				"retransmits":	0,
				"omitted":	false,
				"sender":	true
			}
		}, {
			"streams":	[{
					"socket":	5,
					"start":	7.000136,
					"end":	8.000137,
					"seconds":	1.0000009536743164,
					"bytes":	5111808,
					"bits_per_second":	40894425.0000372,
					"retransmits":	0,
					"snd_cwnd":	334488,
					"snd_wnd":	2482304,
					"rtt":	70392,
					"rttvar":	6,
					"pmtu":	1500,
					"omitted":	false,
					"sender":	true
				}],
			"sum":	{
				"start":	7.000136,
				"end":	8.000137,
				"seconds":	1.0000009536743164,
				"bytes":	5111808,
				"bits_per_second":	40894425.0000372,
				"retransmits":	0,
				"omitted":	false,
				"sender":	true
			}
		}, {
			"streams":	[{
					"socket":	5,
					"start":	8.000137,
					"end":	9.000714,
					"seconds":	1.0005769729614258,
					"bytes":	4980736,
					"bits_per_second":	39822911.256959476,
					"retransmits":	0,
					"snd_cwnd":	344624,
					"snd_wnd":	2482304,
					"rtt":	71588,
					"rttvar":	282,
					"pmtu":	1500,
					"omitted":	false,
					"sender":	true
				}],
			"sum":	{
				"start":	8.000137,
				"end":	9.000714,
				"seconds":	1.0005769729614258,
				"bytes":	4980736,
				"bits_per_second":	39822911.256959476,
				"retransmits":	0,
				"omitted":	false,
				"sender":	true
			}
		}, {
			"streams":	[{
					"socket":	5,
					"start":	9.000714,
					"end":	10.001095,
					"seconds":	1.0003809928894043,
					"bytes":	5111808,
					"bits_per_second":	40878889.433798976,
					"retransmits":	0,
					"snd_cwnd":	363448,
					"snd_wnd":	2482304,
					"rtt":	73986,
					"rttvar":	112,
					"pmtu":	1500,
					"omitted":	false,
					"sender":	true
				}],
			"sum":	{
				"start":	9.000714,
				"end":	10.001095,
				"seconds":	1.0003809928894043,
				"bytes":	5111808,
				"bits_per_second":	40878889.433798976,
				"retransmits":	0,
				"omitted":	false,
				"sender":	true
			}
		}, {
			"streams":	[{
					"socket":	5,
					"start":	10.001095,
					"end":	11.000151,
					"seconds":	0.99905598163604736,
					"bytes":	4587520,
					"bits_per_second":	36734838.362010568,
					"retransmits":	0,
					"snd_cwnd":	396752,
					"snd_wnd":	2482304,
					"rtt":	82870,
					"rttvar":	223,
					"pmtu":	1500,
					"omitted":	false,
					"sender":	true
				}],
			"sum":	{
				"start":	10.001095,
				"end":	11.000151,
				"seconds":	0.99905598163604736,
				"bytes":	4587520,
				"bits_per_second":	36734838.362010568,
				"retransmits":	0,
				"omitted":	false,
				"sender":	true
			}
		}, {
			"streams":	[{
					"socket":	5,
					"start":	11.000151,
					"end":	12.000139,
					"seconds":	0.9999880194664,
					"bytes":	5242880,
					"bits_per_second":	41943542.5060203,
					"retransmits":	9,
					"snd_cwnd":	305528,
					"snd_wnd":	2605568,
					"rtt":	67840,
					"rttvar":	262,
					"pmtu":	1500,
					"omitted":	false,
					"sender":	true
				}],
			"sum":	{
				"start":	11.000151,
				"end":	12.000139,
				"seconds":	0.9999880194664,
				"bytes":	5242880,
				"bits_per_second":	41943542.5060203,